{
    "lora_r2_lr1e-05": {
        "Validation Metrics": {
            "MSE": 0.2517606498284768,
            "MAE": 0.17528605272031014,
            "R\u00b2": 0.8346523453889737
        },
        "Test Metrics": {
            "MSE": 0.23093112090603635,
            "MAE": 0.1702329394199834,
            "R\u00b2": 0.8367347320143699
        },
        "LoRA Rank": 2,
        "Learning Rate": 1e-05
    },
    "lora_r2_lr5e-05": {
        "Validation Metrics": {
            "MSE": 0.23714230577759063,
            "MAE": 0.1471375933192656,
            "R\u00b2": 0.8539836971256467
        },
        "Test Metrics": {
            "MSE": 0.19433714055334053,
            "MAE": 0.13708116577240687,
            "R\u00b2": 0.8678818744476349
        },
        "LoRA Rank": 2,
        "Learning Rate": 5e-05
    },
    "lora_r2_lr0.0001": {
        "Validation Metrics": {
            "MSE": 0.13091022318746756,
            "MAE": 0.1093827039375018,
            "R\u00b2": 0.9186563087969877
        },
        "Test Metrics": {
            "MSE": 0.1192427333230565,
            "MAE": 0.11360878987717671,
            "R\u00b2": 0.919934966638545
        },
        "LoRA Rank": 2,
        "Learning Rate": 0.0001
    },
    "lora_r4_lr1e-05": {
        "Validation Metrics": {
            "MSE": 0.2053761178403687,
            "MAE": 0.1508687718376547,
            "R\u00b2": 0.8648203265408001
        },
        "Test Metrics": {
            "MSE": 0.21307540620442184,
            "MAE": 0.15377904468245546,
            "R\u00b2": 0.8491642728185027
        },
        "LoRA Rank": 4,
        "Learning Rate": 1e-05
    },
    "lora_r4_lr5e-05": {
        "Validation Metrics": {
            "MSE": 0.11416320695238716,
            "MAE": 0.10248070070511356,
            "R\u00b2": 0.9257003993736305
        },
        "Test Metrics": {
            "MSE": 0.12612538774914586,
            "MAE": 0.10929104265193183,
            "R\u00b2": 0.9117394072414652
        },
        "LoRA Rank": 4,
        "Learning Rate": 5e-05
    },
    "lora_r4_lr0.0001": {
        "Validation Metrics": {
            "MSE": 0.1358352130310703,
            "MAE": 0.1139736910779108,
            "R\u00b2": 0.9080993206918676
        },
        "Test Metrics": {
            "MSE": 0.12986058659490343,
            "MAE": 0.11333890294267697,
            "R\u00b2": 0.9078146948852458
        },
        "LoRA Rank": 4,
        "Learning Rate": 0.0001
    },
    "lora_r8_lr1e-05": {
        "Validation Metrics": {
            "MSE": 0.1048407937316355,
            "MAE": 0.10066727019545159,
            "R\u00b2": 0.9317014736395131
        },
        "Test Metrics": {
            "MSE": 0.09140475829293077,
            "MAE": 0.09920542941420844,
            "R\u00b2": 0.9383829932413723
        },
        "LoRA Rank": 8,
        "Learning Rate": 1e-05
    },
    "lora_r8_lr5e-05": {
        "Validation Metrics": {
            "MSE": 0.1426061736523975,
            "MAE": 0.12021953823361908,
            "R\u00b2": 0.9077645625441831
        },
        "Test Metrics": {
            "MSE": 0.1374608914736187,
            "MAE": 0.12303939822308506,
            "R\u00b2": 0.9056311333474403
        },
        "LoRA Rank": 8,
        "Learning Rate": 5e-05
    },
    "lora_r8_lr0.0001": {
        "Validation Metrics": {
            "MSE": 0.041589160404301585,
            "MAE": 0.06890440166319997,
            "R\u00b2": 0.9756070547824645
        },
        "Test Metrics": {
            "MSE": 0.03920273812011602,
            "MAE": 0.06598219856083823,
            "R\u00b2": 0.9744424368932785
        },
        "LoRA Rank": 8,
        "Learning Rate": 0.0001
    }
}