{"lora_metrics": {"MSE": 0.06581059732597647, "MAE": 0.10058387455723503, "R\u00b2": 0.9500504691306977}}