{"MSE": [2.313693221254535, 2.4896830660809686, 0.22118111541677643, 0.8072216409467355, 0.0001662951019296476, 16.50392283994662, 1.5489126193975467, 0.07823984557917563, 0.14304717275918796, 0.11776164697766074], "MAE": [1.0291465478515622, 1.3753934842061994, 0.33819112884998326, 0.6138330627870558, 0.010213968391716295, 2.9814341018450263, 0.9178018871665, 0.2504742802464962, 0.24582312262058256, 0.19160531515985726], "R\u00b2": [-2.649372840911524, -4.01772235143981, 0.729049004313777, -0.7440613496194679, 0.9999868278303502, -64.06735753207431, -0.4615870845641874, -9.234714550389803, -49.56629333806435, 0.49739773530540776], "Num_Systems_Evaluated": 10}